source,log_message
DatabaseServer,"Thread pool exhausted after 3000ms latency while executing read replica query."
SystemMonitor,"Memory heap overflow detected in worker node alpha-7 causing GC pressure spike."
NetworkGateway,"Packet drop rate exceeded safety threshold across VPN tunnel region us-east-1."
ModernCRM,"IP 192.168.133.114 blocked due to repeated authentication failures and anomaly score 0.91."
BillingSystem,"User 12345 logged in successfully from new device fingerprint (Chrome/Linux)."
AnalyticsEngine,"File data_6957.csv uploaded successfully by user User265 with checksum validation passed."
AnalyticsEngine,"Backup completed successfully but incremental snapshot delayed due to disk I/O contention."
ModernHR,"GET /v2/54fadb412c4e40cdbaed9335e4c35a9e/servers/detail HTTP/1.1 RCODE 200 len:1583 time:0.1878400"
ModernHR,"Admin access escalation detected for user 9429 from unknown geographic location."
LegacyCRM,"Case escalation for ticket ID 7324 failed because assigned support agent is inactive and SLA breached."
LegacyCRM,"Invoice generation aborted for order ID 8910 due to invalid tax calculation module version mismatch."
LegacyCRM,"BulkEmailSender deprecated warning: feature removed in v3.2, migration required to EmailCampaignManager."
LegacyCRM,"ReportGenerator module marked legacy; scheduled removal in v4.0, dependency conflict detected in pipeline."
PaymentGateway,"Transaction rollback triggered due to inconsistent ledger state across distributed nodes."
PaymentGateway,"Card tokenization failure: encryption service returned null response during secure handshake."
AuthService,"Multiple failed login attempts detected for user_id=8821 triggering adaptive rate limiting."
AuthService,"JWT validation failed due to expired signing key rotation mismatch."
SearchEngine,"Index corruption detected in shard 7 causing partial query degradation under high load."
SearchEngine,"Autocomplete service latency spike observed after schema update rollback attempt."
CloudOrchestrator,"Kubernetes pod eviction triggered due to memory pressure on node cluster-east-3."
CloudOrchestrator,"Service mesh routing misconfiguration causing intermittent 502 responses across microservices."
DevOpsPipeline,"CI/CD deployment failed at step 'artifact verification' due to checksum mismatch."
DevOpsPipeline,"Rollback initiated after canary deployment showed 12% error rate increase."
LoggingService,"Log ingestion backlog reached 1.2M events causing delayed observability pipeline."
MonitoringAgent,"CPU steal time abnormal in VM hypervisor layer indicating noisy neighbor issue."
SecurityLayer,"Suspicious outbound traffic detected with encrypted payload to unknown endpoint."
SecurityLayer,"Possible lateral movement detected via internal API abuse pattern recognition."
LegacyIntegration,"SOAP endpoint timeout during migration bridge between v1 and v2 services."
LegacyIntegration,"Deprecated API call detected: /legacy/getUserInfo returning partial schema mismatch."
DataWarehouse,"ETL job failed due to schema drift in upstream Kafka stream partition 14."
DataWarehouse,"Data reconciliation mismatch detected between staging and production tables."
RecommendationEngine,"Model inference drift detected after feature distribution shift in user embeddings."
RecommendationEngine,"Cold start fallback triggered due to insufficient user history vector coverage."
NotificationService,"Email dispatch delayed due to SMTP queue congestion and retry backoff saturation."
NotificationService,"Push notification service rate limited after burst traffic spike."
AuditService,"Unauthorized configuration change detected in production environment audit log."
AuditService,"Immutable log chain verification failed at block index 88321."
APIManager,"Rate limit exceeded for client app_id=5521 causing throttling response 429."
APIManager,"Gateway request validation failed due to malformed JSON payload structure."
FileStorage,"Object storage inconsistency detected between primary and replica region sync."
FileStorage,"File retrieval latency increased due to cold storage tier migration."
CacheLayer,"Redis cache eviction storm triggered by memory fragmentation."
CacheLayer,"Cache miss ratio exceeded threshold after deployment of new ranking algorithm."
StreamingService,"Real-time stream lag detected with consumer offset delay > 12s."
StreamingService,"Kafka consumer group rebalance triggered due to node failure."
MLPipeline,"Feature store inconsistency detected between training and inference pipeline."
MLPipeline,"Model deployment failed due to incompatible ONNX runtime version mismatch."